experiment,final_reward,max_reward,training_steps,best_model_path,plot_path
feat=presence,x,y,vx,vy_epochs=4_lr=0.0001_hidden_dim=128_batch_size=128,59.8374,59.8374,257652,artifacts/highway-ppo/ppo_highway_best_feat=presence,x,y,vx,vy_epochs=4_lr=0.0001_hidden_dim=128_batch_size=128.pth,artifacts/highway-ppo/ppo_highway_rewards_feat=presence,x,y,vx,vy_epochs=4_lr=0.0001_hidden_dim=128_batch_size=128.png
feat=presence,x,y,vx,vy_epochs=4_lr=0.0001_hidden_dim=128_batch_size=32,128.6220,128.6220,190512,artifacts/highway-ppo/ppo_highway_best_feat=presence,x,y,vx,vy_epochs=4_lr=0.0001_hidden_dim=128_batch_size=32.pth,artifacts/highway-ppo/ppo_highway_rewards_feat=presence,x,y,vx,vy_epochs=4_lr=0.0001_hidden_dim=128_batch_size=32.png
feat=presence,x,y,vx,vy_epochs=4_lr=0.0001_hidden_dim=128_batch_size=64,102.7355,102.7355,277480,artifacts/highway-ppo/ppo_highway_best_feat=presence,x,y,vx,vy_epochs=4_lr=0.0001_hidden_dim=128_batch_size=64.pth,artifacts/highway-ppo/ppo_highway_rewards_feat=presence,x,y,vx,vy_epochs=4_lr=0.0001_hidden_dim=128_batch_size=64.png
feat=presence,x,y,vx,vy_epochs=4_lr=0.0001_hidden_dim=256_batch_size=128,122.4580,136.2021,220136,artifacts/highway-ppo/ppo_highway_best_feat=presence,x,y,vx,vy_epochs=4_lr=0.0001_hidden_dim=256_batch_size=128.pth,artifacts/highway-ppo/ppo_highway_rewards_feat=presence,x,y,vx,vy_epochs=4_lr=0.0001_hidden_dim=256_batch_size=128.png
feat=presence,x,y,vx,vy_epochs=4_lr=0.0001_hidden_dim=256_batch_size=32,109.0390,116.3365,208062,artifacts/highway-ppo/ppo_highway_best_feat=presence,x,y,vx,vy_epochs=4_lr=0.0001_hidden_dim=256_batch_size=32.pth,artifacts/highway-ppo/ppo_highway_rewards_feat=presence,x,y,vx,vy_epochs=4_lr=0.0001_hidden_dim=256_batch_size=32.png
feat=presence,x,y,vx,vy_epochs=4_lr=0.0001_hidden_dim=256_batch_size=64,140.9713,141.7890,225900,artifacts/highway-ppo/ppo_highway_best_feat=presence,x,y,vx,vy_epochs=4_lr=0.0001_hidden_dim=256_batch_size=64.pth,artifacts/highway-ppo/ppo_highway_rewards_feat=presence,x,y,vx,vy_epochs=4_lr=0.0001_hidden_dim=256_batch_size=64.png
feat=presence,x,y,vx,vy_epochs=4_lr=0.0001_hidden_dim=64_batch_size=128,32.0583,32.0583,202009,artifacts/highway-ppo/ppo_highway_best_feat=presence,x,y,vx,vy_epochs=4_lr=0.0001_hidden_dim=64_batch_size=128.pth,artifacts/highway-ppo/ppo_highway_rewards_feat=presence,x,y,vx,vy_epochs=4_lr=0.0001_hidden_dim=64_batch_size=128.png
feat=presence,x,y,vx,vy_epochs=4_lr=0.0001_hidden_dim=64_batch_size=32,116.6866,116.6866,278280,artifacts/highway-ppo/ppo_highway_best_feat=presence,x,y,vx,vy_epochs=4_lr=0.0001_hidden_dim=64_batch_size=32.pth,artifacts/highway-ppo/ppo_highway_rewards_feat=presence,x,y,vx,vy_epochs=4_lr=0.0001_hidden_dim=64_batch_size=32.png
feat=presence,x,y,vx,vy_epochs=4_lr=0.0001_hidden_dim=64_batch_size=64,125.3951,125.3951,207248,artifacts/highway-ppo/ppo_highway_best_feat=presence,x,y,vx,vy_epochs=4_lr=0.0001_hidden_dim=64_batch_size=64.pth,artifacts/highway-ppo/ppo_highway_rewards_feat=presence,x,y,vx,vy_epochs=4_lr=0.0001_hidden_dim=64_batch_size=64.png
feat=presence,x,y,vx,vy_epochs=4_lr=0.0003_hidden_dim=128_batch_size=128,87.8930,115.8955,256306,artifacts/highway-ppo/ppo_highway_best_feat=presence,x,y,vx,vy_epochs=4_lr=0.0003_hidden_dim=128_batch_size=128.pth,artifacts/highway-ppo/ppo_highway_rewards_feat=presence,x,y,vx,vy_epochs=4_lr=0.0003_hidden_dim=128_batch_size=128.png
feat=presence,x,y,vx,vy_epochs=4_lr=0.0003_hidden_dim=128_batch_size=32,115.3980,115.5938,235520,artifacts/highway-ppo/ppo_highway_best_feat=presence,x,y,vx,vy_epochs=4_lr=0.0003_hidden_dim=128_batch_size=32.pth,artifacts/highway-ppo/ppo_highway_rewards_feat=presence,x,y,vx,vy_epochs=4_lr=0.0003_hidden_dim=128_batch_size=32.png
feat=presence,x,y,vx,vy_epochs=4_lr=0.0003_hidden_dim=128_batch_size=64,60.6575,76.7839,232278,artifacts/highway-ppo/ppo_highway_best_feat=presence,x,y,vx,vy_epochs=4_lr=0.0003_hidden_dim=128_batch_size=64.pth,artifacts/highway-ppo/ppo_highway_rewards_feat=presence,x,y,vx,vy_epochs=4_lr=0.0003_hidden_dim=128_batch_size=64.png
feat=presence,x,y,vx,vy_epochs=4_lr=0.0003_hidden_dim=256_batch_size=128,142.8484,142.8484,213592,artifacts/highway-ppo/ppo_highway_best_feat=presence,x,y,vx,vy_epochs=4_lr=0.0003_hidden_dim=256_batch_size=128.pth,artifacts/highway-ppo/ppo_highway_rewards_feat=presence,x,y,vx,vy_epochs=4_lr=0.0003_hidden_dim=256_batch_size=128.png
feat=presence,x,y,vx,vy_epochs=4_lr=0.0003_hidden_dim=256_batch_size=32,134.9097,135.0035,273984,artifacts/highway-ppo/ppo_highway_best_feat=presence,x,y,vx,vy_epochs=4_lr=0.0003_hidden_dim=256_batch_size=32.pth,artifacts/highway-ppo/ppo_highway_rewards_feat=presence,x,y,vx,vy_epochs=4_lr=0.0003_hidden_dim=256_batch_size=32.png
feat=presence,x,y,vx,vy_epochs=4_lr=0.0003_hidden_dim=256_batch_size=64,111.1825,111.1825,261945,artifacts/highway-ppo/ppo_highway_best_feat=presence,x,y,vx,vy_epochs=4_lr=0.0003_hidden_dim=256_batch_size=64.pth,artifacts/highway-ppo/ppo_highway_rewards_feat=presence,x,y,vx,vy_epochs=4_lr=0.0003_hidden_dim=256_batch_size=64.png
feat=presence,x,y,vx,vy_epochs=4_lr=0.0003_hidden_dim=64_batch_size=128,129.5484,129.5484,175880,artifacts/highway-ppo/ppo_highway_best_feat=presence,x,y,vx,vy_epochs=4_lr=0.0003_hidden_dim=64_batch_size=128.pth,artifacts/highway-ppo/ppo_highway_rewards_feat=presence,x,y,vx,vy_epochs=4_lr=0.0003_hidden_dim=64_batch_size=128.png
feat=presence,x,y,vx,vy_epochs=4_lr=0.0003_hidden_dim=64_batch_size=32,104.4240,112.9554,273384,artifacts/highway-ppo/ppo_highway_best_feat=presence,x,y,vx,vy_epochs=4_lr=0.0003_hidden_dim=64_batch_size=32.pth,artifacts/highway-ppo/ppo_highway_rewards_feat=presence,x,y,vx,vy_epochs=4_lr=0.0003_hidden_dim=64_batch_size=32.png
feat=presence,x,y,vx,vy_epochs=4_lr=0.0003_hidden_dim=64_batch_size=64,101.6722,101.6722,231414,artifacts/highway-ppo/ppo_highway_best_feat=presence,x,y,vx,vy_epochs=4_lr=0.0003_hidden_dim=64_batch_size=64.pth,artifacts/highway-ppo/ppo_highway_rewards_feat=presence,x,y,vx,vy_epochs=4_lr=0.0003_hidden_dim=64_batch_size=64.png
feat=presence,x,y,vx,vy_epochs=6_lr=0.0001_hidden_dim=128_batch_size=128,140.9906,141.1267,227528,artifacts/highway-ppo/ppo_highway_best_feat=presence,x,y,vx,vy_epochs=6_lr=0.0001_hidden_dim=128_batch_size=128.pth,artifacts/highway-ppo/ppo_highway_rewards_feat=presence,x,y,vx,vy_epochs=6_lr=0.0001_hidden_dim=128_batch_size=128.png
feat=presence,x,y,vx,vy_epochs=6_lr=0.0001_hidden_dim=128_batch_size=32,131.8433,134.8584,222184,artifacts/highway-ppo/ppo_highway_best_feat=presence,x,y,vx,vy_epochs=6_lr=0.0001_hidden_dim=128_batch_size=32.pth,artifacts/highway-ppo/ppo_highway_rewards_feat=presence,x,y,vx,vy_epochs=6_lr=0.0001_hidden_dim=128_batch_size=32.png
feat=presence,x,y,vx,vy_epochs=6_lr=0.0001_hidden_dim=128_batch_size=64,52.0171,52.0171,249015,artifacts/highway-ppo/ppo_highway_best_feat=presence,x,y,vx,vy_epochs=6_lr=0.0001_hidden_dim=128_batch_size=64.pth,artifacts/highway-ppo/ppo_highway_rewards_feat=presence,x,y,vx,vy_epochs=6_lr=0.0001_hidden_dim=128_batch_size=64.png
feat=presence,x,y,vx,vy_epochs=6_lr=0.0001_hidden_dim=256_batch_size=128,140.7224,140.9205,223232,artifacts/highway-ppo/ppo_highway_best_feat=presence,x,y,vx,vy_epochs=6_lr=0.0001_hidden_dim=256_batch_size=128.pth,artifacts/highway-ppo/ppo_highway_rewards_feat=presence,x,y,vx,vy_epochs=6_lr=0.0001_hidden_dim=256_batch_size=128.png
feat=presence,x,y,vx,vy_epochs=6_lr=0.0001_hidden_dim=256_batch_size=32,135.0079,136.6142,272136,artifacts/highway-ppo/ppo_highway_best_feat=presence,x,y,vx,vy_epochs=6_lr=0.0001_hidden_dim=256_batch_size=32.pth,artifacts/highway-ppo/ppo_highway_rewards_feat=presence,x,y,vx,vy_epochs=6_lr=0.0001_hidden_dim=256_batch_size=32.png
feat=presence,x,y,vx,vy_epochs=6_lr=0.0001_hidden_dim=256_batch_size=64,137.3467,137.3467,228128,artifacts/highway-ppo/ppo_highway_best_feat=presence,x,y,vx,vy_epochs=6_lr=0.0001_hidden_dim=256_batch_size=64.pth,artifacts/highway-ppo/ppo_highway_rewards_feat=presence,x,y,vx,vy_epochs=6_lr=0.0001_hidden_dim=256_batch_size=64.png
feat=presence,x,y,vx,vy_epochs=6_lr=0.0001_hidden_dim=64_batch_size=128,101.1130,101.1130,200674,artifacts/highway-ppo/ppo_highway_best_feat=presence,x,y,vx,vy_epochs=6_lr=0.0001_hidden_dim=64_batch_size=128.pth,artifacts/highway-ppo/ppo_highway_rewards_feat=presence,x,y,vx,vy_epochs=6_lr=0.0001_hidden_dim=64_batch_size=128.png
feat=presence,x,y,vx,vy_epochs=6_lr=0.0001_hidden_dim=64_batch_size=32,104.6305,104.6305,278080,artifacts/highway-ppo/ppo_highway_best_feat=presence,x,y,vx,vy_epochs=6_lr=0.0001_hidden_dim=64_batch_size=32.pth,artifacts/highway-ppo/ppo_highway_rewards_feat=presence,x,y,vx,vy_epochs=6_lr=0.0001_hidden_dim=64_batch_size=32.png
feat=presence,x,y,vx,vy_epochs=6_lr=0.0001_hidden_dim=64_batch_size=64,33.5736,48.6417,248087,artifacts/highway-ppo/ppo_highway_best_feat=presence,x,y,vx,vy_epochs=6_lr=0.0001_hidden_dim=64_batch_size=64.pth,artifacts/highway-ppo/ppo_highway_rewards_feat=presence,x,y,vx,vy_epochs=6_lr=0.0001_hidden_dim=64_batch_size=64.png
feat=presence,x,y,vx,vy_epochs=6_lr=0.0003_hidden_dim=128_batch_size=128,101.2822,101.2822,271936,artifacts/highway-ppo/ppo_highway_best_feat=presence,x,y,vx,vy_epochs=6_lr=0.0003_hidden_dim=128_batch_size=128.pth,artifacts/highway-ppo/ppo_highway_rewards_feat=presence,x,y,vx,vy_epochs=6_lr=0.0003_hidden_dim=128_batch_size=128.png
feat=presence,x,y,vx,vy_epochs=6_lr=0.0003_hidden_dim=128_batch_size=32,103.4384,116.7798,256000,artifacts/highway-ppo/ppo_highway_best_feat=presence,x,y,vx,vy_epochs=6_lr=0.0003_hidden_dim=128_batch_size=32.pth,artifacts/highway-ppo/ppo_highway_rewards_feat=presence,x,y,vx,vy_epochs=6_lr=0.0003_hidden_dim=128_batch_size=32.png
feat=presence,x,y,vx,vy_epochs=6_lr=0.0003_hidden_dim=128_batch_size=64,117.0543,117.0969,267440,artifacts/highway-ppo/ppo_highway_best_feat=presence,x,y,vx,vy_epochs=6_lr=0.0003_hidden_dim=128_batch_size=64.pth,artifacts/highway-ppo/ppo_highway_rewards_feat=presence,x,y,vx,vy_epochs=6_lr=0.0003_hidden_dim=128_batch_size=64.png
feat=presence,x,y,vx,vy_epochs=6_lr=0.0003_hidden_dim=256_batch_size=128,127.8011,129.2712,263744,artifacts/highway-ppo/ppo_highway_best_feat=presence,x,y,vx,vy_epochs=6_lr=0.0003_hidden_dim=256_batch_size=128.pth,artifacts/highway-ppo/ppo_highway_rewards_feat=presence,x,y,vx,vy_epochs=6_lr=0.0003_hidden_dim=256_batch_size=128.png
feat=presence,x,y,vx,vy_epochs=6_lr=0.0003_hidden_dim=256_batch_size=32,117.4088,117.4088,251456,artifacts/highway-ppo/ppo_highway_best_feat=presence,x,y,vx,vy_epochs=6_lr=0.0003_hidden_dim=256_batch_size=32.pth,artifacts/highway-ppo/ppo_highway_rewards_feat=presence,x,y,vx,vy_epochs=6_lr=0.0003_hidden_dim=256_batch_size=32.png
feat=presence,x,y,vx,vy_epochs=6_lr=0.0003_hidden_dim=256_batch_size=64,133.2951,138.4512,231176,artifacts/highway-ppo/ppo_highway_best_feat=presence,x,y,vx,vy_epochs=6_lr=0.0003_hidden_dim=256_batch_size=64.pth,artifacts/highway-ppo/ppo_highway_rewards_feat=presence,x,y,vx,vy_epochs=6_lr=0.0003_hidden_dim=256_batch_size=64.png
feat=presence,x,y,vx,vy_epochs=6_lr=0.0003_hidden_dim=64_batch_size=128,68.7299,68.7299,246760,artifacts/highway-ppo/ppo_highway_best_feat=presence,x,y,vx,vy_epochs=6_lr=0.0003_hidden_dim=64_batch_size=128.pth,artifacts/highway-ppo/ppo_highway_rewards_feat=presence,x,y,vx,vy_epochs=6_lr=0.0003_hidden_dim=64_batch_size=128.png
feat=presence,x,y,vx,vy_epochs=6_lr=0.0003_hidden_dim=64_batch_size=32,124.3327,124.3327,265592,artifacts/highway-ppo/ppo_highway_best_feat=presence,x,y,vx,vy_epochs=6_lr=0.0003_hidden_dim=64_batch_size=32.pth,artifacts/highway-ppo/ppo_highway_rewards_feat=presence,x,y,vx,vy_epochs=6_lr=0.0003_hidden_dim=64_batch_size=32.png
feat=presence,x,y,vx,vy_epochs=6_lr=0.0003_hidden_dim=64_batch_size=64,122.5597,122.9840,246967,artifacts/highway-ppo/ppo_highway_best_feat=presence,x,y,vx,vy_epochs=6_lr=0.0003_hidden_dim=64_batch_size=64.pth,artifacts/highway-ppo/ppo_highway_rewards_feat=presence,x,y,vx,vy_epochs=6_lr=0.0003_hidden_dim=64_batch_size=64.png
feat=presence,x,y,vx,vy_epochs=8_lr=0.0001_hidden_dim=128_batch_size=128,141.7282,141.7282,201704,artifacts/highway-ppo/ppo_highway_best_feat=presence,x,y,vx,vy_epochs=8_lr=0.0001_hidden_dim=128_batch_size=128.pth,artifacts/highway-ppo/ppo_highway_rewards_feat=presence,x,y,vx,vy_epochs=8_lr=0.0001_hidden_dim=128_batch_size=128.png
feat=presence,x,y,vx,vy_epochs=8_lr=0.0001_hidden_dim=128_batch_size=32,122.6590,123.7866,200704,artifacts/highway-ppo/ppo_highway_best_feat=presence,x,y,vx,vy_epochs=8_lr=0.0001_hidden_dim=128_batch_size=32.pth,artifacts/highway-ppo/ppo_highway_rewards_feat=presence,x,y,vx,vy_epochs=8_lr=0.0001_hidden_dim=128_batch_size=32.png
feat=presence,x,y,vx,vy_epochs=8_lr=0.0001_hidden_dim=128_batch_size=64,135.3856,140.0976,216640,artifacts/highway-ppo/ppo_highway_best_feat=presence,x,y,vx,vy_epochs=8_lr=0.0001_hidden_dim=128_batch_size=64.pth,artifacts/highway-ppo/ppo_highway_rewards_feat=presence,x,y,vx,vy_epochs=8_lr=0.0001_hidden_dim=128_batch_size=64.png
feat=presence,x,y,vx,vy_epochs=8_lr=0.0001_hidden_dim=256_batch_size=128,141.1476,141.8417,212944,artifacts/highway-ppo/ppo_highway_best_feat=presence,x,y,vx,vy_epochs=8_lr=0.0001_hidden_dim=256_batch_size=128.pth,artifacts/highway-ppo/ppo_highway_rewards_feat=presence,x,y,vx,vy_epochs=8_lr=0.0001_hidden_dim=256_batch_size=128.png
feat=presence,x,y,vx,vy_epochs=8_lr=0.0001_hidden_dim=256_batch_size=32,139.6468,140.3315,227928,artifacts/highway-ppo/ppo_highway_best_feat=presence,x,y,vx,vy_epochs=8_lr=0.0001_hidden_dim=256_batch_size=32.pth,artifacts/highway-ppo/ppo_highway_rewards_feat=presence,x,y,vx,vy_epochs=8_lr=0.0001_hidden_dim=256_batch_size=32.png
feat=presence,x,y,vx,vy_epochs=8_lr=0.0001_hidden_dim=256_batch_size=64,110.4284,116.3236,248705,artifacts/highway-ppo/ppo_highway_best_feat=presence,x,y,vx,vy_epochs=8_lr=0.0001_hidden_dim=256_batch_size=64.pth,artifacts/highway-ppo/ppo_highway_rewards_feat=presence,x,y,vx,vy_epochs=8_lr=0.0001_hidden_dim=256_batch_size=64.png
feat=presence,x,y,vx,vy_epochs=8_lr=0.0001_hidden_dim=64_batch_size=128,93.2593,93.2593,273984,artifacts/highway-ppo/ppo_highway_best_feat=presence,x,y,vx,vy_epochs=8_lr=0.0001_hidden_dim=64_batch_size=128.pth,artifacts/highway-ppo/ppo_highway_rewards_feat=presence,x,y,vx,vy_epochs=8_lr=0.0001_hidden_dim=64_batch_size=128.png
feat=presence,x,y,vx,vy_epochs=8_lr=0.0001_hidden_dim=64_batch_size=32,87.7080,90.3755,278080,artifacts/highway-ppo/ppo_highway_best_feat=presence,x,y,vx,vy_epochs=8_lr=0.0001_hidden_dim=64_batch_size=32.pth,artifacts/highway-ppo/ppo_highway_rewards_feat=presence,x,y,vx,vy_epochs=8_lr=0.0001_hidden_dim=64_batch_size=32.png
feat=presence,x,y,vx,vy_epochs=8_lr=0.0001_hidden_dim=64_batch_size=64,106.7046,107.1806,249929,artifacts/highway-ppo/ppo_highway_best_feat=presence,x,y,vx,vy_epochs=8_lr=0.0001_hidden_dim=64_batch_size=64.pth,artifacts/highway-ppo/ppo_highway_rewards_feat=presence,x,y,vx,vy_epochs=8_lr=0.0001_hidden_dim=64_batch_size=64.png
feat=presence,x,y,vx,vy_epochs=8_lr=0.0003_hidden_dim=128_batch_size=128,130.7632,131.3254,220936,artifacts/highway-ppo/ppo_highway_best_feat=presence,x,y,vx,vy_epochs=8_lr=0.0003_hidden_dim=128_batch_size=128.pth,artifacts/highway-ppo/ppo_highway_rewards_feat=presence,x,y,vx,vy_epochs=8_lr=0.0003_hidden_dim=128_batch_size=128.png
feat=presence,x,y,vx,vy_epochs=8_lr=0.0003_hidden_dim=128_batch_size=32,104.4798,114.4036,255007,artifacts/highway-ppo/ppo_highway_best_feat=presence,x,y,vx,vy_epochs=8_lr=0.0003_hidden_dim=128_batch_size=32.pth,artifacts/highway-ppo/ppo_highway_rewards_feat=presence,x,y,vx,vy_epochs=8_lr=0.0003_hidden_dim=128_batch_size=32.png
feat=presence,x,y,vx,vy_epochs=8_lr=0.0003_hidden_dim=128_batch_size=64,131.8656,132.6933,232024,artifacts/highway-ppo/ppo_highway_best_feat=presence,x,y,vx,vy_epochs=8_lr=0.0003_hidden_dim=128_batch_size=64.pth,artifacts/highway-ppo/ppo_highway_rewards_feat=presence,x,y,vx,vy_epochs=8_lr=0.0003_hidden_dim=128_batch_size=64.png
feat=presence,x,y,vx,vy_epochs=8_lr=0.0003_hidden_dim=256_batch_size=128,136.5653,137.0127,276432,artifacts/highway-ppo/ppo_highway_best_feat=presence,x,y,vx,vy_epochs=8_lr=0.0003_hidden_dim=256_batch_size=128.pth,artifacts/highway-ppo/ppo_highway_rewards_feat=presence,x,y,vx,vy_epochs=8_lr=0.0003_hidden_dim=256_batch_size=128.png
feat=presence,x,y,vx,vy_epochs=8_lr=0.0003_hidden_dim=256_batch_size=32,137.6276,137.8022,264992,artifacts/highway-ppo/ppo_highway_best_feat=presence,x,y,vx,vy_epochs=8_lr=0.0003_hidden_dim=256_batch_size=32.pth,artifacts/highway-ppo/ppo_highway_rewards_feat=presence,x,y,vx,vy_epochs=8_lr=0.0003_hidden_dim=256_batch_size=32.png
feat=presence,x,y,vx,vy_epochs=8_lr=0.0003_hidden_dim=256_batch_size=64,103.0281,117.2898,265992,artifacts/highway-ppo/ppo_highway_best_feat=presence,x,y,vx,vy_epochs=8_lr=0.0003_hidden_dim=256_batch_size=64.pth,artifacts/highway-ppo/ppo_highway_rewards_feat=presence,x,y,vx,vy_epochs=8_lr=0.0003_hidden_dim=256_batch_size=64.png
feat=presence,x,y,vx,vy_epochs=8_lr=0.0003_hidden_dim=64_batch_size=128,133.5210,133.6046,215640,artifacts/highway-ppo/ppo_highway_best_feat=presence,x,y,vx,vy_epochs=8_lr=0.0003_hidden_dim=64_batch_size=128.pth,artifacts/highway-ppo/ppo_highway_rewards_feat=presence,x,y,vx,vy_epochs=8_lr=0.0003_hidden_dim=64_batch_size=128.png
feat=presence,x,y,vx,vy_epochs=8_lr=0.0003_hidden_dim=64_batch_size=32,113.2771,114.7057,252757,artifacts/highway-ppo/ppo_highway_best_feat=presence,x,y,vx,vy_epochs=8_lr=0.0003_hidden_dim=64_batch_size=32.pth,artifacts/highway-ppo/ppo_highway_rewards_feat=presence,x,y,vx,vy_epochs=8_lr=0.0003_hidden_dim=64_batch_size=32.png
feat=presence,x,y,vx,vy_epochs=8_lr=0.0003_hidden_dim=64_batch_size=64,109.3071,112.8276,254417,artifacts/highway-ppo/ppo_highway_best_feat=presence,x,y,vx,vy_epochs=8_lr=0.0003_hidden_dim=64_batch_size=64.pth,artifacts/highway-ppo/ppo_highway_rewards_feat=presence,x,y,vx,vy_epochs=8_lr=0.0003_hidden_dim=64_batch_size=64.png
feat=x,y,vx,vy,cos_h,sin_h_epochs=4_lr=0.0001_hidden_dim=128_batch_size=128,92.4990,99.4833,250718,artifacts/highway-ppo/ppo_highway_best_feat=x,y,vx,vy,cos_h,sin_h_epochs=4_lr=0.0001_hidden_dim=128_batch_size=128.pth,artifacts/highway-ppo/ppo_highway_rewards_feat=x,y,vx,vy,cos_h,sin_h_epochs=4_lr=0.0001_hidden_dim=128_batch_size=128.png
feat=x,y,vx,vy,cos_h,sin_h_epochs=4_lr=0.0001_hidden_dim=128_batch_size=32,121.0474,122.2797,259845,artifacts/highway-ppo/ppo_highway_best_feat=x,y,vx,vy,cos_h,sin_h_epochs=4_lr=0.0001_hidden_dim=128_batch_size=32.pth,artifacts/highway-ppo/ppo_highway_rewards_feat=x,y,vx,vy,cos_h,sin_h_epochs=4_lr=0.0001_hidden_dim=128_batch_size=32.png
feat=x,y,vx,vy,cos_h,sin_h_epochs=4_lr=0.0001_hidden_dim=128_batch_size=64,120.1284,131.1090,213819,artifacts/highway-ppo/ppo_highway_best_feat=x,y,vx,vy,cos_h,sin_h_epochs=4_lr=0.0001_hidden_dim=128_batch_size=64.pth,artifacts/highway-ppo/ppo_highway_rewards_feat=x,y,vx,vy,cos_h,sin_h_epochs=4_lr=0.0001_hidden_dim=128_batch_size=64.png
feat=x,y,vx,vy,cos_h,sin_h_epochs=4_lr=0.0001_hidden_dim=256_batch_size=128,100.8447,100.8447,238054,artifacts/highway-ppo/ppo_highway_best_feat=x,y,vx,vy,cos_h,sin_h_epochs=4_lr=0.0001_hidden_dim=256_batch_size=128.pth,artifacts/highway-ppo/ppo_highway_rewards_feat=x,y,vx,vy,cos_h,sin_h_epochs=4_lr=0.0001_hidden_dim=256_batch_size=128.png
feat=x,y,vx,vy,cos_h,sin_h_epochs=4_lr=0.0001_hidden_dim=256_batch_size=32,128.2921,139.7896,198027,artifacts/highway-ppo/ppo_highway_best_feat=x,y,vx,vy,cos_h,sin_h_epochs=4_lr=0.0001_hidden_dim=256_batch_size=32.pth,artifacts/highway-ppo/ppo_highway_rewards_feat=x,y,vx,vy,cos_h,sin_h_epochs=4_lr=0.0001_hidden_dim=256_batch_size=32.png
feat=x,y,vx,vy,cos_h,sin_h_epochs=4_lr=0.0001_hidden_dim=256_batch_size=64,127.2431,140.7670,200333,artifacts/highway-ppo/ppo_highway_best_feat=x,y,vx,vy,cos_h,sin_h_epochs=4_lr=0.0001_hidden_dim=256_batch_size=64.pth,artifacts/highway-ppo/ppo_highway_rewards_feat=x,y,vx,vy,cos_h,sin_h_epochs=4_lr=0.0001_hidden_dim=256_batch_size=64.png
feat=x,y,vx,vy,cos_h,sin_h_epochs=4_lr=0.0001_hidden_dim=64_batch_size=128,73.7493,73.7493,275832,artifacts/highway-ppo/ppo_highway_best_feat=x,y,vx,vy,cos_h,sin_h_epochs=4_lr=0.0001_hidden_dim=64_batch_size=128.pth,artifacts/highway-ppo/ppo_highway_rewards_feat=x,y,vx,vy,cos_h,sin_h_epochs=4_lr=0.0001_hidden_dim=64_batch_size=128.png
feat=x,y,vx,vy,cos_h,sin_h_epochs=4_lr=0.0001_hidden_dim=64_batch_size=32,141.2671,141.2671,195385,artifacts/highway-ppo/ppo_highway_best_feat=x,y,vx,vy,cos_h,sin_h_epochs=4_lr=0.0001_hidden_dim=64_batch_size=32.pth,artifacts/highway-ppo/ppo_highway_rewards_feat=x,y,vx,vy,cos_h,sin_h_epochs=4_lr=0.0001_hidden_dim=64_batch_size=32.png
feat=x,y,vx,vy,cos_h,sin_h_epochs=4_lr=0.0001_hidden_dim=64_batch_size=64,132.4916,132.4916,175750,artifacts/highway-ppo/ppo_highway_best_feat=x,y,vx,vy,cos_h,sin_h_epochs=4_lr=0.0001_hidden_dim=64_batch_size=64.pth,artifacts/highway-ppo/ppo_highway_rewards_feat=x,y,vx,vy,cos_h,sin_h_epochs=4_lr=0.0001_hidden_dim=64_batch_size=64.png
feat=x,y,vx,vy,cos_h,sin_h_epochs=4_lr=0.0003_hidden_dim=128_batch_size=128,141.4345,141.5048,215305,artifacts/highway-ppo/ppo_highway_best_feat=x,y,vx,vy,cos_h,sin_h_epochs=4_lr=0.0003_hidden_dim=128_batch_size=128.pth,artifacts/highway-ppo/ppo_highway_rewards_feat=x,y,vx,vy,cos_h,sin_h_epochs=4_lr=0.0003_hidden_dim=128_batch_size=128.png
feat=x,y,vx,vy,cos_h,sin_h_epochs=4_lr=0.0003_hidden_dim=128_batch_size=32,106.7430,111.2253,265592,artifacts/highway-ppo/ppo_highway_best_feat=x,y,vx,vy,cos_h,sin_h_epochs=4_lr=0.0003_hidden_dim=128_batch_size=32.pth,artifacts/highway-ppo/ppo_highway_rewards_feat=x,y,vx,vy,cos_h,sin_h_epochs=4_lr=0.0003_hidden_dim=128_batch_size=32.png
feat=x,y,vx,vy,cos_h,sin_h_epochs=4_lr=0.0003_hidden_dim=128_batch_size=64,141.9200,144.3502,223184,artifacts/highway-ppo/ppo_highway_best_feat=x,y,vx,vy,cos_h,sin_h_epochs=4_lr=0.0003_hidden_dim=128_batch_size=64.pth,artifacts/highway-ppo/ppo_highway_rewards_feat=x,y,vx,vy,cos_h,sin_h_epochs=4_lr=0.0003_hidden_dim=128_batch_size=64.png
feat=x,y,vx,vy,cos_h,sin_h_epochs=4_lr=0.0003_hidden_dim=256_batch_size=128,136.9427,137.4568,217888,artifacts/highway-ppo/ppo_highway_best_feat=x,y,vx,vy,cos_h,sin_h_epochs=4_lr=0.0003_hidden_dim=256_batch_size=128.pth,artifacts/highway-ppo/ppo_highway_rewards_feat=x,y,vx,vy,cos_h,sin_h_epochs=4_lr=0.0003_hidden_dim=256_batch_size=128.png
feat=x,y,vx,vy,cos_h,sin_h_epochs=4_lr=0.0003_hidden_dim=256_batch_size=32,126.1427,126.1427,259648,artifacts/highway-ppo/ppo_highway_best_feat=x,y,vx,vy,cos_h,sin_h_epochs=4_lr=0.0003_hidden_dim=256_batch_size=32.pth,artifacts/highway-ppo/ppo_highway_rewards_feat=x,y,vx,vy,cos_h,sin_h_epochs=4_lr=0.0003_hidden_dim=256_batch_size=32.png
feat=x,y,vx,vy,cos_h,sin_h_epochs=4_lr=0.0003_hidden_dim=256_batch_size=64,64.7807,100.7300,248884,artifacts/highway-ppo/ppo_highway_best_feat=x,y,vx,vy,cos_h,sin_h_epochs=4_lr=0.0003_hidden_dim=256_batch_size=64.pth,artifacts/highway-ppo/ppo_highway_rewards_feat=x,y,vx,vy,cos_h,sin_h_epochs=4_lr=0.0003_hidden_dim=256_batch_size=64.png
feat=x,y,vx,vy,cos_h,sin_h_epochs=4_lr=0.0003_hidden_dim=64_batch_size=128,140.5582,140.7337,212361,artifacts/highway-ppo/ppo_highway_best_feat=x,y,vx,vy,cos_h,sin_h_epochs=4_lr=0.0003_hidden_dim=64_batch_size=128.pth,artifacts/highway-ppo/ppo_highway_rewards_feat=x,y,vx,vy,cos_h,sin_h_epochs=4_lr=0.0003_hidden_dim=64_batch_size=128.png
feat=x,y,vx,vy,cos_h,sin_h_epochs=4_lr=0.0003_hidden_dim=64_batch_size=32,120.6151,122.0109,265749,artifacts/highway-ppo/ppo_highway_best_feat=x,y,vx,vy,cos_h,sin_h_epochs=4_lr=0.0003_hidden_dim=64_batch_size=32.pth,artifacts/highway-ppo/ppo_highway_rewards_feat=x,y,vx,vy,cos_h,sin_h_epochs=4_lr=0.0003_hidden_dim=64_batch_size=32.png
feat=x,y,vx,vy,cos_h,sin_h_epochs=4_lr=0.0003_hidden_dim=64_batch_size=64,78.0325,85.5424,250656,artifacts/highway-ppo/ppo_highway_best_feat=x,y,vx,vy,cos_h,sin_h_epochs=4_lr=0.0003_hidden_dim=64_batch_size=64.pth,artifacts/highway-ppo/ppo_highway_rewards_feat=x,y,vx,vy,cos_h,sin_h_epochs=4_lr=0.0003_hidden_dim=64_batch_size=64.png
feat=x,y,vx,vy,cos_h,sin_h_epochs=6_lr=0.0001_hidden_dim=128_batch_size=128,107.1733,107.1733,277880,artifacts/highway-ppo/ppo_highway_best_feat=x,y,vx,vy,cos_h,sin_h_epochs=6_lr=0.0001_hidden_dim=128_batch_size=128.pth,artifacts/highway-ppo/ppo_highway_rewards_feat=x,y,vx,vy,cos_h,sin_h_epochs=6_lr=0.0001_hidden_dim=128_batch_size=128.png
feat=x,y,vx,vy,cos_h,sin_h_epochs=6_lr=0.0001_hidden_dim=128_batch_size=32,141.7305,142.0391,217040,artifacts/highway-ppo/ppo_highway_best_feat=x,y,vx,vy,cos_h,sin_h_epochs=6_lr=0.0001_hidden_dim=128_batch_size=32.pth,artifacts/highway-ppo/ppo_highway_rewards_feat=x,y,vx,vy,cos_h,sin_h_epochs=6_lr=0.0001_hidden_dim=128_batch_size=32.png
feat=x,y,vx,vy,cos_h,sin_h_epochs=6_lr=0.0001_hidden_dim=128_batch_size=64,115.8251,127.3399,202752,artifacts/highway-ppo/ppo_highway_best_feat=x,y,vx,vy,cos_h,sin_h_epochs=6_lr=0.0001_hidden_dim=128_batch_size=64.pth,artifacts/highway-ppo/ppo_highway_rewards_feat=x,y,vx,vy,cos_h,sin_h_epochs=6_lr=0.0001_hidden_dim=128_batch_size=64.png
feat=x,y,vx,vy,cos_h,sin_h_epochs=6_lr=0.0001_hidden_dim=256_batch_size=128,122.2141,127.5779,277280,artifacts/highway-ppo/ppo_highway_best_feat=x,y,vx,vy,cos_h,sin_h_epochs=6_lr=0.0001_hidden_dim=256_batch_size=128.pth,artifacts/highway-ppo/ppo_highway_rewards_feat=x,y,vx,vy,cos_h,sin_h_epochs=6_lr=0.0001_hidden_dim=256_batch_size=128.png
feat=x,y,vx,vy,cos_h,sin_h_epochs=6_lr=0.0001_hidden_dim=256_batch_size=32,134.5533,135.0234,240216,artifacts/highway-ppo/ppo_highway_best_feat=x,y,vx,vy,cos_h,sin_h_epochs=6_lr=0.0001_hidden_dim=256_batch_size=32.pth,artifacts/highway-ppo/ppo_highway_rewards_feat=x,y,vx,vy,cos_h,sin_h_epochs=6_lr=0.0001_hidden_dim=256_batch_size=32.png
feat=x,y,vx,vy,cos_h,sin_h_epochs=6_lr=0.0001_hidden_dim=256_batch_size=64,90.7091,128.9980,244136,artifacts/highway-ppo/ppo_highway_best_feat=x,y,vx,vy,cos_h,sin_h_epochs=6_lr=0.0001_hidden_dim=256_batch_size=64.pth,artifacts/highway-ppo/ppo_highway_rewards_feat=x,y,vx,vy,cos_h,sin_h_epochs=6_lr=0.0001_hidden_dim=256_batch_size=64.png
feat=x,y,vx,vy,cos_h,sin_h_epochs=6_lr=0.0001_hidden_dim=64_batch_size=128,41.3376,42.4034,246156,artifacts/highway-ppo/ppo_highway_best_feat=x,y,vx,vy,cos_h,sin_h_epochs=6_lr=0.0001_hidden_dim=64_batch_size=128.pth,artifacts/highway-ppo/ppo_highway_rewards_feat=x,y,vx,vy,cos_h,sin_h_epochs=6_lr=0.0001_hidden_dim=64_batch_size=128.png
feat=x,y,vx,vy,cos_h,sin_h_epochs=6_lr=0.0001_hidden_dim=64_batch_size=32,113.2551,113.2551,246411,artifacts/highway-ppo/ppo_highway_best_feat=x,y,vx,vy,cos_h,sin_h_epochs=6_lr=0.0001_hidden_dim=64_batch_size=32.pth,artifacts/highway-ppo/ppo_highway_rewards_feat=x,y,vx,vy,cos_h,sin_h_epochs=6_lr=0.0001_hidden_dim=64_batch_size=32.png
feat=x,y,vx,vy,cos_h,sin_h_epochs=6_lr=0.0001_hidden_dim=64_batch_size=64,98.6877,98.6877,275832,artifacts/highway-ppo/ppo_highway_best_feat=x,y,vx,vy,cos_h,sin_h_epochs=6_lr=0.0001_hidden_dim=64_batch_size=64.pth,artifacts/highway-ppo/ppo_highway_rewards_feat=x,y,vx,vy,cos_h,sin_h_epochs=6_lr=0.0001_hidden_dim=64_batch_size=64.png
feat=x,y,vx,vy,cos_h,sin_h_epochs=6_lr=0.0003_hidden_dim=128_batch_size=128,138.3137,138.3137,275032,artifacts/highway-ppo/ppo_highway_best_feat=x,y,vx,vy,cos_h,sin_h_epochs=6_lr=0.0003_hidden_dim=128_batch_size=128.pth,artifacts/highway-ppo/ppo_highway_rewards_feat=x,y,vx,vy,cos_h,sin_h_epochs=6_lr=0.0003_hidden_dim=128_batch_size=128.png
feat=x,y,vx,vy,cos_h,sin_h_epochs=6_lr=0.0003_hidden_dim=128_batch_size=32,137.4649,138.4802,235272,artifacts/highway-ppo/ppo_highway_best_feat=x,y,vx,vy,cos_h,sin_h_epochs=6_lr=0.0003_hidden_dim=128_batch_size=32.pth,artifacts/highway-ppo/ppo_highway_rewards_feat=x,y,vx,vy,cos_h,sin_h_epochs=6_lr=0.0003_hidden_dim=128_batch_size=32.png
feat=x,y,vx,vy,cos_h,sin_h_epochs=6_lr=0.0003_hidden_dim=128_batch_size=64,107.7095,108.5176,247183,artifacts/highway-ppo/ppo_highway_best_feat=x,y,vx,vy,cos_h,sin_h_epochs=6_lr=0.0003_hidden_dim=128_batch_size=64.pth,artifacts/highway-ppo/ppo_highway_rewards_feat=x,y,vx,vy,cos_h,sin_h_epochs=6_lr=0.0003_hidden_dim=128_batch_size=64.png
feat=x,y,vx,vy,cos_h,sin_h_epochs=6_lr=0.0003_hidden_dim=256_batch_size=128,107.7199,107.7199,244112,artifacts/highway-ppo/ppo_highway_best_feat=x,y,vx,vy,cos_h,sin_h_epochs=6_lr=0.0003_hidden_dim=256_batch_size=128.pth,artifacts/highway-ppo/ppo_highway_rewards_feat=x,y,vx,vy,cos_h,sin_h_epochs=6_lr=0.0003_hidden_dim=256_batch_size=128.png
feat=x,y,vx,vy,cos_h,sin_h_epochs=6_lr=0.0003_hidden_dim=256_batch_size=32,136.7860,136.8927,275032,artifacts/highway-ppo/ppo_highway_best_feat=x,y,vx,vy,cos_h,sin_h_epochs=6_lr=0.0003_hidden_dim=256_batch_size=32.pth,artifacts/highway-ppo/ppo_highway_rewards_feat=x,y,vx,vy,cos_h,sin_h_epochs=6_lr=0.0003_hidden_dim=256_batch_size=32.png
feat=x,y,vx,vy,cos_h,sin_h_epochs=6_lr=0.0003_hidden_dim=256_batch_size=64,128.7215,133.5634,234072,artifacts/highway-ppo/ppo_highway_best_feat=x,y,vx,vy,cos_h,sin_h_epochs=6_lr=0.0003_hidden_dim=256_batch_size=64.pth,artifacts/highway-ppo/ppo_highway_rewards_feat=x,y,vx,vy,cos_h,sin_h_epochs=6_lr=0.0003_hidden_dim=256_batch_size=64.png
feat=x,y,vx,vy,cos_h,sin_h_epochs=6_lr=0.0003_hidden_dim=64_batch_size=128,116.3156,116.3156,241864,artifacts/highway-ppo/ppo_highway_best_feat=x,y,vx,vy,cos_h,sin_h_epochs=6_lr=0.0003_hidden_dim=64_batch_size=128.pth,artifacts/highway-ppo/ppo_highway_rewards_feat=x,y,vx,vy,cos_h,sin_h_epochs=6_lr=0.0003_hidden_dim=64_batch_size=128.png
feat=x,y,vx,vy,cos_h,sin_h_epochs=6_lr=0.0003_hidden_dim=64_batch_size=32,133.3034,141.2580,214592,artifacts/highway-ppo/ppo_highway_best_feat=x,y,vx,vy,cos_h,sin_h_epochs=6_lr=0.0003_hidden_dim=64_batch_size=32.pth,artifacts/highway-ppo/ppo_highway_rewards_feat=x,y,vx,vy,cos_h,sin_h_epochs=6_lr=0.0003_hidden_dim=64_batch_size=32.png
feat=x,y,vx,vy,cos_h,sin_h_epochs=6_lr=0.0003_hidden_dim=64_batch_size=64,51.5679,92.1298,270736,artifacts/highway-ppo/ppo_highway_best_feat=x,y,vx,vy,cos_h,sin_h_epochs=6_lr=0.0003_hidden_dim=64_batch_size=64.pth,artifacts/highway-ppo/ppo_highway_rewards_feat=x,y,vx,vy,cos_h,sin_h_epochs=6_lr=0.0003_hidden_dim=64_batch_size=64.png
feat=x,y,vx,vy,cos_h,sin_h_epochs=8_lr=0.0001_hidden_dim=128_batch_size=128,125.0701,139.8812,201104,artifacts/highway-ppo/ppo_highway_best_feat=x,y,vx,vy,cos_h,sin_h_epochs=8_lr=0.0001_hidden_dim=128_batch_size=128.pth,artifacts/highway-ppo/ppo_highway_rewards_feat=x,y,vx,vy,cos_h,sin_h_epochs=8_lr=0.0001_hidden_dim=128_batch_size=128.png
feat=x,y,vx,vy,cos_h,sin_h_epochs=8_lr=0.0001_hidden_dim=128_batch_size=32,131.6928,133.4873,220136,artifacts/highway-ppo/ppo_highway_best_feat=x,y,vx,vy,cos_h,sin_h_epochs=8_lr=0.0001_hidden_dim=128_batch_size=32.pth,artifacts/highway-ppo/ppo_highway_rewards_feat=x,y,vx,vy,cos_h,sin_h_epochs=8_lr=0.0001_hidden_dim=128_batch_size=32.png
feat=x,y,vx,vy,cos_h,sin_h_epochs=8_lr=0.0001_hidden_dim=128_batch_size=64,138.7429,138.8123,220578,artifacts/highway-ppo/ppo_highway_best_feat=x,y,vx,vy,cos_h,sin_h_epochs=8_lr=0.0001_hidden_dim=128_batch_size=64.pth,artifacts/highway-ppo/ppo_highway_rewards_feat=x,y,vx,vy,cos_h,sin_h_epochs=8_lr=0.0001_hidden_dim=128_batch_size=64.png
feat=x,y,vx,vy,cos_h,sin_h_epochs=8_lr=0.0001_hidden_dim=256_batch_size=128,137.0394,137.0394,231644,artifacts/highway-ppo/ppo_highway_best_feat=x,y,vx,vy,cos_h,sin_h_epochs=8_lr=0.0001_hidden_dim=256_batch_size=128.pth,artifacts/highway-ppo/ppo_highway_rewards_feat=x,y,vx,vy,cos_h,sin_h_epochs=8_lr=0.0001_hidden_dim=256_batch_size=128.png
feat=x,y,vx,vy,cos_h,sin_h_epochs=8_lr=0.0001_hidden_dim=256_batch_size=32,107.5672,131.3168,246560,artifacts/highway-ppo/ppo_highway_best_feat=x,y,vx,vy,cos_h,sin_h_epochs=8_lr=0.0001_hidden_dim=256_batch_size=32.pth,artifacts/highway-ppo/ppo_highway_rewards_feat=x,y,vx,vy,cos_h,sin_h_epochs=8_lr=0.0001_hidden_dim=256_batch_size=32.png
feat=x,y,vx,vy,cos_h,sin_h_epochs=8_lr=0.0001_hidden_dim=256_batch_size=64,101.3917,115.5362,251037,artifacts/highway-ppo/ppo_highway_best_feat=x,y,vx,vy,cos_h,sin_h_epochs=8_lr=0.0001_hidden_dim=256_batch_size=64.pth,artifacts/highway-ppo/ppo_highway_rewards_feat=x,y,vx,vy,cos_h,sin_h_epochs=8_lr=0.0001_hidden_dim=256_batch_size=64.png
feat=x,y,vx,vy,cos_h,sin_h_epochs=8_lr=0.0001_hidden_dim=64_batch_size=128,83.4483,83.4483,235916,artifacts/highway-ppo/ppo_highway_best_feat=x,y,vx,vy,cos_h,sin_h_epochs=8_lr=0.0001_hidden_dim=64_batch_size=128.pth,artifacts/highway-ppo/ppo_highway_rewards_feat=x,y,vx,vy,cos_h,sin_h_epochs=8_lr=0.0001_hidden_dim=64_batch_size=128.png
feat=x,y,vx,vy,cos_h,sin_h_epochs=8_lr=0.0001_hidden_dim=64_batch_size=32,121.8567,122.5688,278080,artifacts/highway-ppo/ppo_highway_best_feat=x,y,vx,vy,cos_h,sin_h_epochs=8_lr=0.0001_hidden_dim=64_batch_size=32.pth,artifacts/highway-ppo/ppo_highway_rewards_feat=x,y,vx,vy,cos_h,sin_h_epochs=8_lr=0.0001_hidden_dim=64_batch_size=32.png
feat=x,y,vx,vy,cos_h,sin_h_epochs=8_lr=0.0001_hidden_dim=64_batch_size=64,51.6598,51.6598,263914,artifacts/highway-ppo/ppo_highway_best_feat=x,y,vx,vy,cos_h,sin_h_epochs=8_lr=0.0001_hidden_dim=64_batch_size=64.pth,artifacts/highway-ppo/ppo_highway_rewards_feat=x,y,vx,vy,cos_h,sin_h_epochs=8_lr=0.0001_hidden_dim=64_batch_size=64.png
feat=x,y,vx,vy,cos_h,sin_h_epochs=8_lr=0.0003_hidden_dim=128_batch_size=128,126.2633,141.7183,211452,artifacts/highway-ppo/ppo_highway_best_feat=x,y,vx,vy,cos_h,sin_h_epochs=8_lr=0.0003_hidden_dim=128_batch_size=128.pth,artifacts/highway-ppo/ppo_highway_rewards_feat=x,y,vx,vy,cos_h,sin_h_epochs=8_lr=0.0003_hidden_dim=128_batch_size=128.png
feat=x,y,vx,vy,cos_h,sin_h_epochs=8_lr=0.0003_hidden_dim=128_batch_size=32,131.2831,131.2831,246760,artifacts/highway-ppo/ppo_highway_best_feat=x,y,vx,vy,cos_h,sin_h_epochs=8_lr=0.0003_hidden_dim=128_batch_size=32.pth,artifacts/highway-ppo/ppo_highway_rewards_feat=x,y,vx,vy,cos_h,sin_h_epochs=8_lr=0.0003_hidden_dim=128_batch_size=32.png
feat=x,y,vx,vy,cos_h,sin_h_epochs=8_lr=0.0003_hidden_dim=128_batch_size=64,130.3118,130.3118,240216,artifacts/highway-ppo/ppo_highway_best_feat=x,y,vx,vy,cos_h,sin_h_epochs=8_lr=0.0003_hidden_dim=128_batch_size=64.pth,artifacts/highway-ppo/ppo_highway_rewards_feat=x,y,vx,vy,cos_h,sin_h_epochs=8_lr=0.0003_hidden_dim=128_batch_size=64.png
feat=x,y,vx,vy,cos_h,sin_h_epochs=8_lr=0.0003_hidden_dim=256_batch_size=128,112.9870,121.4054,258048,artifacts/highway-ppo/ppo_highway_best_feat=x,y,vx,vy,cos_h,sin_h_epochs=8_lr=0.0003_hidden_dim=256_batch_size=128.pth,artifacts/highway-ppo/ppo_highway_rewards_feat=x,y,vx,vy,cos_h,sin_h_epochs=8_lr=0.0003_hidden_dim=256_batch_size=128.png
feat=x,y,vx,vy,cos_h,sin_h_epochs=8_lr=0.0003_hidden_dim=256_batch_size=32,117.7746,117.7746,265192,artifacts/highway-ppo/ppo_highway_best_feat=x,y,vx,vy,cos_h,sin_h_epochs=8_lr=0.0003_hidden_dim=256_batch_size=32.pth,artifacts/highway-ppo/ppo_highway_rewards_feat=x,y,vx,vy,cos_h,sin_h_epochs=8_lr=0.0003_hidden_dim=256_batch_size=32.png
feat=x,y,vx,vy,cos_h,sin_h_epochs=8_lr=0.0003_hidden_dim=256_batch_size=64,119.0904,127.0165,245312,artifacts/highway-ppo/ppo_highway_best_feat=x,y,vx,vy,cos_h,sin_h_epochs=8_lr=0.0003_hidden_dim=256_batch_size=64.pth,artifacts/highway-ppo/ppo_highway_rewards_feat=x,y,vx,vy,cos_h,sin_h_epochs=8_lr=0.0003_hidden_dim=256_batch_size=64.png
feat=x,y,vx,vy,cos_h,sin_h_epochs=8_lr=0.0003_hidden_dim=64_batch_size=128,75.6853,93.3757,249913,artifacts/highway-ppo/ppo_highway_best_feat=x,y,vx,vy,cos_h,sin_h_epochs=8_lr=0.0003_hidden_dim=64_batch_size=128.pth,artifacts/highway-ppo/ppo_highway_rewards_feat=x,y,vx,vy,cos_h,sin_h_epochs=8_lr=0.0003_hidden_dim=64_batch_size=128.png
feat=x,y,vx,vy,cos_h,sin_h_epochs=8_lr=0.0003_hidden_dim=64_batch_size=32,116.0816,116.1259,251856,artifacts/highway-ppo/ppo_highway_best_feat=x,y,vx,vy,cos_h,sin_h_epochs=8_lr=0.0003_hidden_dim=64_batch_size=32.pth,artifacts/highway-ppo/ppo_highway_rewards_feat=x,y,vx,vy,cos_h,sin_h_epochs=8_lr=0.0003_hidden_dim=64_batch_size=32.png
feat=x,y,vx,vy,cos_h,sin_h_epochs=8_lr=0.0003_hidden_dim=64_batch_size=64,125.0813,125.0813,266840,artifacts/highway-ppo/ppo_highway_best_feat=x,y,vx,vy,cos_h,sin_h_epochs=8_lr=0.0003_hidden_dim=64_batch_size=64.pth,artifacts/highway-ppo/ppo_highway_rewards_feat=x,y,vx,vy,cos_h,sin_h_epochs=8_lr=0.0003_hidden_dim=64_batch_size=64.png
feat=x,y,vx,vy_epochs=4_lr=0.0001_hidden_dim=128_batch_size=128,128.2938,130.6199,205400,artifacts/highway-ppo/ppo_highway_best_feat=x,y,vx,vy_epochs=4_lr=0.0001_hidden_dim=128_batch_size=128.pth,artifacts/highway-ppo/ppo_highway_rewards_feat=x,y,vx,vy_epochs=4_lr=0.0001_hidden_dim=128_batch_size=128.png
feat=x,y,vx,vy_epochs=4_lr=0.0001_hidden_dim=128_batch_size=32,107.2063,107.2063,273584,artifacts/highway-ppo/ppo_highway_best_feat=x,y,vx,vy_epochs=4_lr=0.0001_hidden_dim=128_batch_size=32.pth,artifacts/highway-ppo/ppo_highway_rewards_feat=x,y,vx,vy_epochs=4_lr=0.0001_hidden_dim=128_batch_size=32.png
feat=x,y,vx,vy_epochs=4_lr=0.0001_hidden_dim=128_batch_size=64,135.6558,135.7366,206254,artifacts/highway-ppo/ppo_highway_best_feat=x,y,vx,vy_epochs=4_lr=0.0001_hidden_dim=128_batch_size=64.pth,artifacts/highway-ppo/ppo_highway_rewards_feat=x,y,vx,vy_epochs=4_lr=0.0001_hidden_dim=128_batch_size=64.png
feat=x,y,vx,vy_epochs=4_lr=0.0001_hidden_dim=256_batch_size=128,118.2113,137.8012,212466,artifacts/highway-ppo/ppo_highway_best_feat=x,y,vx,vy_epochs=4_lr=0.0001_hidden_dim=256_batch_size=128.pth,artifacts/highway-ppo/ppo_highway_rewards_feat=x,y,vx,vy_epochs=4_lr=0.0001_hidden_dim=256_batch_size=128.png
feat=x,y,vx,vy_epochs=4_lr=0.0001_hidden_dim=256_batch_size=32,111.4612,130.6041,207595,artifacts/highway-ppo/ppo_highway_best_feat=x,y,vx,vy_epochs=4_lr=0.0001_hidden_dim=256_batch_size=32.pth,artifacts/highway-ppo/ppo_highway_rewards_feat=x,y,vx,vy_epochs=4_lr=0.0001_hidden_dim=256_batch_size=32.png
feat=x,y,vx,vy_epochs=4_lr=0.0001_hidden_dim=256_batch_size=64,132.1475,141.8804,218088,artifacts/highway-ppo/ppo_highway_best_feat=x,y,vx,vy_epochs=4_lr=0.0001_hidden_dim=256_batch_size=64.pth,artifacts/highway-ppo/ppo_highway_rewards_feat=x,y,vx,vy_epochs=4_lr=0.0001_hidden_dim=256_batch_size=64.png
feat=x,y,vx,vy_epochs=4_lr=0.0001_hidden_dim=64_batch_size=128,104.2574,104.2574,277480,artifacts/highway-ppo/ppo_highway_best_feat=x,y,vx,vy_epochs=4_lr=0.0001_hidden_dim=64_batch_size=128.pth,artifacts/highway-ppo/ppo_highway_rewards_feat=x,y,vx,vy_epochs=4_lr=0.0001_hidden_dim=64_batch_size=128.png
feat=x,y,vx,vy_epochs=4_lr=0.0001_hidden_dim=64_batch_size=32,100.4322,100.4322,277280,artifacts/highway-ppo/ppo_highway_best_feat=x,y,vx,vy_epochs=4_lr=0.0001_hidden_dim=64_batch_size=32.pth,artifacts/highway-ppo/ppo_highway_rewards_feat=x,y,vx,vy_epochs=4_lr=0.0001_hidden_dim=64_batch_size=32.png
feat=x,y,vx,vy_epochs=4_lr=0.0001_hidden_dim=64_batch_size=64,115.6943,115.6943,204800,artifacts/highway-ppo/ppo_highway_best_feat=x,y,vx,vy_epochs=4_lr=0.0001_hidden_dim=64_batch_size=64.pth,artifacts/highway-ppo/ppo_highway_rewards_feat=x,y,vx,vy_epochs=4_lr=0.0001_hidden_dim=64_batch_size=64.png
feat=x,y,vx,vy_epochs=4_lr=0.0003_hidden_dim=128_batch_size=128,130.8011,130.8011,202752,artifacts/highway-ppo/ppo_highway_best_feat=x,y,vx,vy_epochs=4_lr=0.0003_hidden_dim=128_batch_size=128.pth,artifacts/highway-ppo/ppo_highway_rewards_feat=x,y,vx,vy_epochs=4_lr=0.0003_hidden_dim=128_batch_size=128.png
feat=x,y,vx,vy_epochs=4_lr=0.0003_hidden_dim=128_batch_size=32,122.0392,122.0392,268288,artifacts/highway-ppo/ppo_highway_best_feat=x,y,vx,vy_epochs=4_lr=0.0003_hidden_dim=128_batch_size=32.pth,artifacts/highway-ppo/ppo_highway_rewards_feat=x,y,vx,vy_epochs=4_lr=0.0003_hidden_dim=128_batch_size=32.png
feat=x,y,vx,vy_epochs=4_lr=0.0003_hidden_dim=128_batch_size=64,102.3467,102.3467,258048,artifacts/highway-ppo/ppo_highway_best_feat=x,y,vx,vy_epochs=4_lr=0.0003_hidden_dim=128_batch_size=64.pth,artifacts/highway-ppo/ppo_highway_rewards_feat=x,y,vx,vy_epochs=4_lr=0.0003_hidden_dim=128_batch_size=64.png
feat=x,y,vx,vy_epochs=4_lr=0.0003_hidden_dim=256_batch_size=128,109.0832,109.0832,265348,artifacts/highway-ppo/ppo_highway_best_feat=x,y,vx,vy_epochs=4_lr=0.0003_hidden_dim=256_batch_size=128.pth,artifacts/highway-ppo/ppo_highway_rewards_feat=x,y,vx,vy_epochs=4_lr=0.0003_hidden_dim=256_batch_size=128.png
feat=x,y,vx,vy_epochs=4_lr=0.0003_hidden_dim=256_batch_size=32,126.6030,126.6030,270536,artifacts/highway-ppo/ppo_highway_best_feat=x,y,vx,vy_epochs=4_lr=0.0003_hidden_dim=256_batch_size=32.pth,artifacts/highway-ppo/ppo_highway_rewards_feat=x,y,vx,vy_epochs=4_lr=0.0003_hidden_dim=256_batch_size=32.png
feat=x,y,vx,vy_epochs=4_lr=0.0003_hidden_dim=256_batch_size=64,110.8258,117.1175,258848,artifacts/highway-ppo/ppo_highway_best_feat=x,y,vx,vy_epochs=4_lr=0.0003_hidden_dim=256_batch_size=64.pth,artifacts/highway-ppo/ppo_highway_rewards_feat=x,y,vx,vy_epochs=4_lr=0.0003_hidden_dim=256_batch_size=64.png
feat=x,y,vx,vy_epochs=4_lr=0.0003_hidden_dim=64_batch_size=128,110.6640,110.9869,251515,artifacts/highway-ppo/ppo_highway_best_feat=x,y,vx,vy_epochs=4_lr=0.0003_hidden_dim=64_batch_size=128.pth,artifacts/highway-ppo/ppo_highway_rewards_feat=x,y,vx,vy_epochs=4_lr=0.0003_hidden_dim=64_batch_size=128.png
feat=x,y,vx,vy_epochs=4_lr=0.0003_hidden_dim=64_batch_size=32,98.1181,101.0887,252104,artifacts/highway-ppo/ppo_highway_best_feat=x,y,vx,vy_epochs=4_lr=0.0003_hidden_dim=64_batch_size=32.pth,artifacts/highway-ppo/ppo_highway_rewards_feat=x,y,vx,vy_epochs=4_lr=0.0003_hidden_dim=64_batch_size=32.png
feat=x,y,vx,vy_epochs=4_lr=0.0003_hidden_dim=64_batch_size=64,107.9815,110.5891,256600,artifacts/highway-ppo/ppo_highway_best_feat=x,y,vx,vy_epochs=4_lr=0.0003_hidden_dim=64_batch_size=64.pth,artifacts/highway-ppo/ppo_highway_rewards_feat=x,y,vx,vy_epochs=4_lr=0.0003_hidden_dim=64_batch_size=64.png
feat=x,y,vx,vy_epochs=6_lr=0.0001_hidden_dim=128_batch_size=128,111.4125,111.4125,277080,artifacts/highway-ppo/ppo_highway_best_feat=x,y,vx,vy_epochs=6_lr=0.0001_hidden_dim=128_batch_size=128.pth,artifacts/highway-ppo/ppo_highway_rewards_feat=x,y,vx,vy_epochs=6_lr=0.0001_hidden_dim=128_batch_size=128.png
feat=x,y,vx,vy_epochs=6_lr=0.0001_hidden_dim=128_batch_size=32,116.8506,116.8506,266440,artifacts/highway-ppo/ppo_highway_best_feat=x,y,vx,vy_epochs=6_lr=0.0001_hidden_dim=128_batch_size=32.pth,artifacts/highway-ppo/ppo_highway_rewards_feat=x,y,vx,vy_epochs=6_lr=0.0001_hidden_dim=128_batch_size=32.png
feat=x,y,vx,vy_epochs=6_lr=0.0001_hidden_dim=128_batch_size=64,130.4141,140.5918,227528,artifacts/highway-ppo/ppo_highway_best_feat=x,y,vx,vy_epochs=6_lr=0.0001_hidden_dim=128_batch_size=64.pth,artifacts/highway-ppo/ppo_highway_rewards_feat=x,y,vx,vy_epochs=6_lr=0.0001_hidden_dim=128_batch_size=64.png
feat=x,y,vx,vy_epochs=6_lr=0.0001_hidden_dim=256_batch_size=128,108.5313,110.3469,262144,artifacts/highway-ppo/ppo_highway_best_feat=x,y,vx,vy_epochs=6_lr=0.0001_hidden_dim=256_batch_size=128.pth,artifacts/highway-ppo/ppo_highway_rewards_feat=x,y,vx,vy_epochs=6_lr=0.0001_hidden_dim=256_batch_size=128.png
feat=x,y,vx,vy_epochs=6_lr=0.0001_hidden_dim=256_batch_size=32,112.8166,130.8595,223832,artifacts/highway-ppo/ppo_highway_best_feat=x,y,vx,vy_epochs=6_lr=0.0001_hidden_dim=256_batch_size=32.pth,artifacts/highway-ppo/ppo_highway_rewards_feat=x,y,vx,vy_epochs=6_lr=0.0001_hidden_dim=256_batch_size=32.png
feat=x,y,vx,vy_epochs=6_lr=0.0001_hidden_dim=256_batch_size=64,142.0652,142.2053,217088,artifacts/highway-ppo/ppo_highway_best_feat=x,y,vx,vy_epochs=6_lr=0.0001_hidden_dim=256_batch_size=64.pth,artifacts/highway-ppo/ppo_highway_rewards_feat=x,y,vx,vy_epochs=6_lr=0.0001_hidden_dim=256_batch_size=64.png
feat=x,y,vx,vy_epochs=6_lr=0.0001_hidden_dim=64_batch_size=128,98.0132,98.0132,277480,artifacts/highway-ppo/ppo_highway_best_feat=x,y,vx,vy_epochs=6_lr=0.0001_hidden_dim=64_batch_size=128.pth,artifacts/highway-ppo/ppo_highway_rewards_feat=x,y,vx,vy_epochs=6_lr=0.0001_hidden_dim=64_batch_size=128.png
feat=x,y,vx,vy_epochs=6_lr=0.0001_hidden_dim=64_batch_size=32,116.2228,139.4454,212544,artifacts/highway-ppo/ppo_highway_best_feat=x,y,vx,vy_epochs=6_lr=0.0001_hidden_dim=64_batch_size=32.pth,artifacts/highway-ppo/ppo_highway_rewards_feat=x,y,vx,vy_epochs=6_lr=0.0001_hidden_dim=64_batch_size=32.png
feat=x,y,vx,vy_epochs=6_lr=0.0001_hidden_dim=64_batch_size=64,92.4780,92.4780,278528,artifacts/highway-ppo/ppo_highway_best_feat=x,y,vx,vy_epochs=6_lr=0.0001_hidden_dim=64_batch_size=64.pth,artifacts/highway-ppo/ppo_highway_rewards_feat=x,y,vx,vy_epochs=6_lr=0.0001_hidden_dim=64_batch_size=64.png
feat=x,y,vx,vy_epochs=6_lr=0.0003_hidden_dim=128_batch_size=128,114.4804,114.4804,258648,artifacts/highway-ppo/ppo_highway_best_feat=x,y,vx,vy_epochs=6_lr=0.0003_hidden_dim=128_batch_size=128.pth,artifacts/highway-ppo/ppo_highway_rewards_feat=x,y,vx,vy_epochs=6_lr=0.0003_hidden_dim=128_batch_size=128.png
feat=x,y,vx,vy_epochs=6_lr=0.0003_hidden_dim=128_batch_size=32,102.3364,106.1625,252104,artifacts/highway-ppo/ppo_highway_best_feat=x,y,vx,vy_epochs=6_lr=0.0003_hidden_dim=128_batch_size=32.pth,artifacts/highway-ppo/ppo_highway_rewards_feat=x,y,vx,vy_epochs=6_lr=0.0003_hidden_dim=128_batch_size=32.png
feat=x,y,vx,vy_epochs=6_lr=0.0003_hidden_dim=128_batch_size=64,125.3423,125.3423,240816,artifacts/highway-ppo/ppo_highway_best_feat=x,y,vx,vy_epochs=6_lr=0.0003_hidden_dim=128_batch_size=64.pth,artifacts/highway-ppo/ppo_highway_rewards_feat=x,y,vx,vy_epochs=6_lr=0.0003_hidden_dim=128_batch_size=64.png
feat=x,y,vx,vy_epochs=6_lr=0.0003_hidden_dim=256_batch_size=128,135.2512,135.2512,246760,artifacts/highway-ppo/ppo_highway_best_feat=x,y,vx,vy_epochs=6_lr=0.0003_hidden_dim=256_batch_size=128.pth,artifacts/highway-ppo/ppo_highway_rewards_feat=x,y,vx,vy_epochs=6_lr=0.0003_hidden_dim=256_batch_size=128.png
feat=x,y,vx,vy_epochs=6_lr=0.0003_hidden_dim=256_batch_size=32,102.9113,129.0864,263944,artifacts/highway-ppo/ppo_highway_best_feat=x,y,vx,vy_epochs=6_lr=0.0003_hidden_dim=256_batch_size=32.pth,artifacts/highway-ppo/ppo_highway_rewards_feat=x,y,vx,vy_epochs=6_lr=0.0003_hidden_dim=256_batch_size=32.png
feat=x,y,vx,vy_epochs=6_lr=0.0003_hidden_dim=256_batch_size=64,139.8034,139.8034,219736,artifacts/highway-ppo/ppo_highway_best_feat=x,y,vx,vy_epochs=6_lr=0.0003_hidden_dim=256_batch_size=64.pth,artifacts/highway-ppo/ppo_highway_rewards_feat=x,y,vx,vy_epochs=6_lr=0.0003_hidden_dim=256_batch_size=64.png
feat=x,y,vx,vy_epochs=6_lr=0.0003_hidden_dim=64_batch_size=128,83.7592,83.7592,261139,artifacts/highway-ppo/ppo_highway_best_feat=x,y,vx,vy_epochs=6_lr=0.0003_hidden_dim=64_batch_size=128.pth,artifacts/highway-ppo/ppo_highway_rewards_feat=x,y,vx,vy_epochs=6_lr=0.0003_hidden_dim=64_batch_size=128.png
feat=x,y,vx,vy_epochs=6_lr=0.0003_hidden_dim=64_batch_size=32,119.3589,119.3589,264992,artifacts/highway-ppo/ppo_highway_best_feat=x,y,vx,vy_epochs=6_lr=0.0003_hidden_dim=64_batch_size=32.pth,artifacts/highway-ppo/ppo_highway_rewards_feat=x,y,vx,vy_epochs=6_lr=0.0003_hidden_dim=64_batch_size=32.png
feat=x,y,vx,vy_epochs=6_lr=0.0003_hidden_dim=64_batch_size=64,85.3433,85.3433,252600,artifacts/highway-ppo/ppo_highway_best_feat=x,y,vx,vy_epochs=6_lr=0.0003_hidden_dim=64_batch_size=64.pth,artifacts/highway-ppo/ppo_highway_rewards_feat=x,y,vx,vy_epochs=6_lr=0.0003_hidden_dim=64_batch_size=64.png
feat=x,y,vx,vy_epochs=8_lr=0.0001_hidden_dim=128_batch_size=128,135.4259,138.5182,213392,artifacts/highway-ppo/ppo_highway_best_feat=x,y,vx,vy_epochs=8_lr=0.0001_hidden_dim=128_batch_size=128.pth,artifacts/highway-ppo/ppo_highway_rewards_feat=x,y,vx,vy_epochs=8_lr=0.0001_hidden_dim=128_batch_size=128.png
feat=x,y,vx,vy_epochs=8_lr=0.0001_hidden_dim=128_batch_size=32,139.9104,143.1426,217688,artifacts/highway-ppo/ppo_highway_best_feat=x,y,vx,vy_epochs=8_lr=0.0001_hidden_dim=128_batch_size=32.pth,artifacts/highway-ppo/ppo_highway_rewards_feat=x,y,vx,vy_epochs=8_lr=0.0001_hidden_dim=128_batch_size=32.png
feat=x,y,vx,vy_epochs=8_lr=0.0001_hidden_dim=128_batch_size=64,133.2920,133.2920,221184,artifacts/highway-ppo/ppo_highway_best_feat=x,y,vx,vy_epochs=8_lr=0.0001_hidden_dim=128_batch_size=64.pth,artifacts/highway-ppo/ppo_highway_rewards_feat=x,y,vx,vy_epochs=8_lr=0.0001_hidden_dim=128_batch_size=64.png
feat=x,y,vx,vy_epochs=8_lr=0.0001_hidden_dim=256_batch_size=128,100.6102,104.9826,266640,artifacts/highway-ppo/ppo_highway_best_feat=x,y,vx,vy_epochs=8_lr=0.0001_hidden_dim=256_batch_size=128.pth,artifacts/highway-ppo/ppo_highway_rewards_feat=x,y,vx,vy_epochs=8_lr=0.0001_hidden_dim=256_batch_size=128.png
feat=x,y,vx,vy_epochs=8_lr=0.0001_hidden_dim=256_batch_size=32,136.2610,136.2610,274632,artifacts/highway-ppo/ppo_highway_best_feat=x,y,vx,vy_epochs=8_lr=0.0001_hidden_dim=256_batch_size=32.pth,artifacts/highway-ppo/ppo_highway_rewards_feat=x,y,vx,vy_epochs=8_lr=0.0001_hidden_dim=256_batch_size=32.png
feat=x,y,vx,vy_epochs=8_lr=0.0001_hidden_dim=256_batch_size=64,137.4738,137.4738,231424,artifacts/highway-ppo/ppo_highway_best_feat=x,y,vx,vy_epochs=8_lr=0.0001_hidden_dim=256_batch_size=64.pth,artifacts/highway-ppo/ppo_highway_rewards_feat=x,y,vx,vy_epochs=8_lr=0.0001_hidden_dim=256_batch_size=64.png
feat=x,y,vx,vy_epochs=8_lr=0.0001_hidden_dim=64_batch_size=128,109.7934,109.7934,278280,artifacts/highway-ppo/ppo_highway_best_feat=x,y,vx,vy_epochs=8_lr=0.0001_hidden_dim=64_batch_size=128.pth,artifacts/highway-ppo/ppo_highway_rewards_feat=x,y,vx,vy_epochs=8_lr=0.0001_hidden_dim=64_batch_size=128.png
feat=x,y,vx,vy_epochs=8_lr=0.0001_hidden_dim=64_batch_size=32,77.5414,78.1497,241664,artifacts/highway-ppo/ppo_highway_best_feat=x,y,vx,vy_epochs=8_lr=0.0001_hidden_dim=64_batch_size=32.pth,artifacts/highway-ppo/ppo_highway_rewards_feat=x,y,vx,vy_epochs=8_lr=0.0001_hidden_dim=64_batch_size=32.png
feat=x,y,vx,vy_epochs=8_lr=0.0001_hidden_dim=64_batch_size=64,99.9488,99.9488,267240,artifacts/highway-ppo/ppo_highway_best_feat=x,y,vx,vy_epochs=8_lr=0.0001_hidden_dim=64_batch_size=64.pth,artifacts/highway-ppo/ppo_highway_rewards_feat=x,y,vx,vy_epochs=8_lr=0.0001_hidden_dim=64_batch_size=64.png
feat=x,y,vx,vy_epochs=8_lr=0.0003_hidden_dim=128_batch_size=128,115.2316,115.7385,252904,artifacts/highway-ppo/ppo_highway_best_feat=x,y,vx,vy_epochs=8_lr=0.0003_hidden_dim=128_batch_size=128.pth,artifacts/highway-ppo/ppo_highway_rewards_feat=x,y,vx,vy_epochs=8_lr=0.0003_hidden_dim=128_batch_size=128.png
feat=x,y,vx,vy_epochs=8_lr=0.0003_hidden_dim=128_batch_size=32,113.2718,119.3828,214192,artifacts/highway-ppo/ppo_highway_best_feat=x,y,vx,vy_epochs=8_lr=0.0003_hidden_dim=128_batch_size=32.pth,artifacts/highway-ppo/ppo_highway_rewards_feat=x,y,vx,vy_epochs=8_lr=0.0003_hidden_dim=128_batch_size=32.png
feat=x,y,vx,vy_epochs=8_lr=0.0003_hidden_dim=128_batch_size=64,137.7443,140.3988,236320,artifacts/highway-ppo/ppo_highway_best_feat=x,y,vx,vy_epochs=8_lr=0.0003_hidden_dim=128_batch_size=64.pth,artifacts/highway-ppo/ppo_highway_rewards_feat=x,y,vx,vy_epochs=8_lr=0.0003_hidden_dim=128_batch_size=64.png
feat=x,y,vx,vy_epochs=8_lr=0.0003_hidden_dim=256_batch_size=128,112.0713,112.0713,260096,artifacts/highway-ppo/ppo_highway_best_feat=x,y,vx,vy_epochs=8_lr=0.0003_hidden_dim=256_batch_size=128.pth,artifacts/highway-ppo/ppo_highway_rewards_feat=x,y,vx,vy_epochs=8_lr=0.0003_hidden_dim=256_batch_size=128.png
feat=x,y,vx,vy_epochs=8_lr=0.0003_hidden_dim=256_batch_size=32,123.1973,123.1973,267440,artifacts/highway-ppo/ppo_highway_best_feat=x,y,vx,vy_epochs=8_lr=0.0003_hidden_dim=256_batch_size=32.pth,artifacts/highway-ppo/ppo_highway_rewards_feat=x,y,vx,vy_epochs=8_lr=0.0003_hidden_dim=256_batch_size=32.png
feat=x,y,vx,vy_epochs=8_lr=0.0003_hidden_dim=256_batch_size=64,142.3788,142.3788,268688,artifacts/highway-ppo/ppo_highway_best_feat=x,y,vx,vy_epochs=8_lr=0.0003_hidden_dim=256_batch_size=64.pth,artifacts/highway-ppo/ppo_highway_rewards_feat=x,y,vx,vy_epochs=8_lr=0.0003_hidden_dim=256_batch_size=64.png
feat=x,y,vx,vy_epochs=8_lr=0.0003_hidden_dim=64_batch_size=128,116.9350,119.1959,268040,artifacts/highway-ppo/ppo_highway_best_feat=x,y,vx,vy_epochs=8_lr=0.0003_hidden_dim=64_batch_size=128.pth,artifacts/highway-ppo/ppo_highway_rewards_feat=x,y,vx,vy_epochs=8_lr=0.0003_hidden_dim=64_batch_size=128.png
feat=x,y,vx,vy_epochs=8_lr=0.0003_hidden_dim=64_batch_size=32,123.8428,124.5408,268288,artifacts/highway-ppo/ppo_highway_best_feat=x,y,vx,vy_epochs=8_lr=0.0003_hidden_dim=64_batch_size=32.pth,artifacts/highway-ppo/ppo_highway_rewards_feat=x,y,vx,vy_epochs=8_lr=0.0003_hidden_dim=64_batch_size=32.png
feat=x,y,vx,vy_epochs=8_lr=0.0003_hidden_dim=64_batch_size=64,95.3334,95.7214,247658,artifacts/highway-ppo/ppo_highway_best_feat=x,y,vx,vy_epochs=8_lr=0.0003_hidden_dim=64_batch_size=64.pth,artifacts/highway-ppo/ppo_highway_rewards_feat=x,y,vx,vy_epochs=8_lr=0.0003_hidden_dim=64_batch_size=64.png
